"HITId","HITTypeId","Title","Description","Keywords","Reward","CreationTime","MaxAssignments","RequesterAnnotation","AssignmentDurationInSeconds","AutoApprovalDelayInSeconds","Expiration","NumberOfSimilarHITs","LifetimeInSeconds","AssignmentId","WorkerId","AssignmentStatus","AcceptTime","SubmitTime","AutoApprovalTime","ApprovalTime","RejectionTime","RequesterFeedback","WorkTimeInSeconds","LifetimeApprovalRate","Last30DaysApprovalRate","Last7DaysApprovalRate","Input.NAME","Input.OCCUPATION","Input.DESCRIPTION","Answer.POLITICAL POSITION","Approve","Reject"
"3FVBZG9CLJE6RI0TY1X0YZCSRJEH0N","39P6QDR00R4687AHV27OQRXYS2YMDG","Candidate Confidential","Gauging political candidate's political positions","describe, your, task","$0.01","Tue Apr 23 14:26:12 PDT 2019","3","BatchId:235235;OriginalHitTemplateId:921587254;","3600","259200","Tue Apr 30 14:26:12 PDT 2019","","","3N8OEVH1FRQ490CTU1Z2XT0R7HPOOD","A1P97PT7OUQHU4","Approved","Wed Apr 24 12:48:24 PDT 2019","Wed Apr 24 12:55:40 PDT 2019","Sat Apr 27 12:55:40 PDT 2019","","","","436","100% (15/15)","100% (15/15)","100% (15/15)","Elizabeth Warren","Senator of Massachusetts","One of her main issues is income inequality. She believes that the middle class is under attack from big corporations and political corruption. She wishes for more regulations and was an advisor to Obama","9"
"3FVBZG9CLJE6RI0TY1X0YZCSRJEH0N","39P6QDR00R4687AHV27OQRXYS2YMDG","Candidate Confidential","Gauging political candidate's political positions","describe, your, task","$0.01","Tue Apr 23 14:26:12 PDT 2019","3","BatchId:235235;OriginalHitTemplateId:921587254;","3600","259200","Tue Apr 30 14:26:12 PDT 2019","","","3O7L7BFSHEP81NO12SJ18KARR6GIE4","A2AR3VBIMNRRJJ","Approved","Tue Apr 23 22:17:51 PDT 2019","Tue Apr 23 22:18:35 PDT 2019","Fri Apr 26 22:18:35 PDT 2019","","","","44","100% (20/20)","100% (20/20)","100% (20/20)","Elizabeth Warren","Senator of Massachusetts","One of her main issues is income inequality. She believes that the middle class is under attack from big corporations and political corruption. She wishes for more regulations and was an advisor to Obama","8"
"3FVBZG9CLJE6RI0TY1X0YZCSRJEH0N","39P6QDR00R4687AHV27OQRXYS2YMDG","Candidate Confidential","Gauging political candidate's political positions","describe, your, task","$0.01","Tue Apr 23 14:26:12 PDT 2019","3","BatchId:235235;OriginalHitTemplateId:921587254;","3600","259200","Tue Apr 30 14:26:12 PDT 2019","","","3STRJBFXOWR1W1WMSQT8KMP5MKTKT8","ALPWT2JWPLXA1","Approved","Wed Apr 24 07:10:06 PDT 2019","Wed Apr 24 07:10:38 PDT 2019","Sat Apr 27 07:10:38 PDT 2019","","","","32","100% (6/6)","100% (6/6)","100% (6/6)","Elizabeth Warren","Senator of Massachusetts","One of her main issues is income inequality. She believes that the middle class is under attack from big corporations and political corruption. She wishes for more regulations and was an advisor to Obama","10"
"3TFJJUELSHPM6KSRRWND6W8RBPTC2T","39P6QDR00R4687AHV27OQRXYS2YMDG","Candidate Confidential","Gauging political candidate's political positions","describe, your, task","$0.01","Tue Apr 23 14:26:12 PDT 2019","3","BatchId:235235;OriginalHitTemplateId:921587254;","3600","259200","Tue Apr 30 14:26:12 PDT 2019","","","3IFS6Q0HJIJ9B6TJ3N36X1E6SXQSIG","ALPWT2JWPLXA1","Approved","Wed Apr 24 07:12:44 PDT 2019","Wed Apr 24 07:13:28 PDT 2019","Sat Apr 27 07:13:28 PDT 2019","","","","44","100% (6/6)","100% (6/6)","100% (6/6)","William F. Weld","Former governor of Massachusetts","Moderate Republican who favors fiscal restraint, free trade, and moderate immigration reform. Has endorsed steps to legalize marijuana and wishes to combat climate change.","2"
"3TFJJUELSHPM6KSRRWND6W8RBPTC2T","39P6QDR00R4687AHV27OQRXYS2YMDG","Candidate Confidential","Gauging political candidate's political positions","describe, your, task","$0.01","Tue Apr 23 14:26:12 PDT 2019","3","BatchId:235235;OriginalHitTemplateId:921587254;","3600","259200","Tue Apr 30 14:26:12 PDT 2019","","","3LKC68YZ3A3CE9LVLNQCENDDAJPOWQ","A1HTSCH5NYPS4R","Approved","Wed Apr 24 17:33:25 PDT 2019","Wed Apr 24 17:37:52 PDT 2019","Sat Apr 27 17:37:52 PDT 2019","","","","267","100% (16/16)","100% (16/16)","100% (16/16)","William F. Weld","Former governor of Massachusetts","Moderate Republican who favors fiscal restraint, free trade, and moderate immigration reform. Has endorsed steps to legalize marijuana and wishes to combat climate change.","2"
"3TFJJUELSHPM6KSRRWND6W8RBPTC2T","39P6QDR00R4687AHV27OQRXYS2YMDG","Candidate Confidential","Gauging political candidate's political positions","describe, your, task","$0.01","Tue Apr 23 14:26:12 PDT 2019","3","BatchId:235235;OriginalHitTemplateId:921587254;","3600","259200","Tue Apr 30 14:26:12 PDT 2019","","","3YDGXNSEOZUXKFFV40VXM94MBLH48C","A2AR3VBIMNRRJJ","Approved","Tue Apr 23 22:12:24 PDT 2019","Tue Apr 23 22:13:07 PDT 2019","Fri Apr 26 22:13:07 PDT 2019","","","","43","100% (20/20)","100% (20/20)","100% (20/20)","William F. Weld","Former governor of Massachusetts","Moderate Republican who favors fiscal restraint, free trade, and moderate immigration reform. Has endorsed steps to legalize marijuana and wishes to combat climate change.","3"
"3R868ACW4SCPT7B8IPSAJY3DUQKGZF","39P6QDR00R4687AHV27OQRXYS2YMDG","Candidate Confidential","Gauging political candidate's political positions","describe, your, task","$0.01","Tue Apr 23 14:26:12 PDT 2019","3","BatchId:235235;OriginalHitTemplateId:921587254;","3600","259200","Tue Apr 30 14:26:12 PDT 2019","","","33LKR6A5KEKZQ0A0KGNQF7T6DEW1TP","A1P97PT7OUQHU4","Approved","Wed Apr 24 12:29:39 PDT 2019","Wed Apr 24 12:30:09 PDT 2019","Sat Apr 27 12:30:09 PDT 2019","","","","30","100% (15/15)","100% (15/15)","100% (15/15)","Andrew Yang","Former tech executive; the founder of a non-profit","Wants to establish Universal Basic Income (UBI) which pays $1,000 to all Americans funded by the government. Has drawn a lot of attention regarding topics on technology, robots, and artificial intelligence (AI)","3"
"3R868ACW4SCPT7B8IPSAJY3DUQKGZF","39P6QDR00R4687AHV27OQRXYS2YMDG","Candidate Confidential","Gauging political candidate's political positions","describe, your, task","$0.01","Tue Apr 23 14:26:12 PDT 2019","3","BatchId:235235;OriginalHitTemplateId:921587254;","3600","259200","Tue Apr 30 14:26:12 PDT 2019","","","3ERET4BTVM9ICMN8UKORTMOTSDUK9C","A1HTSCH5NYPS4R","Approved","Wed Apr 24 17:58:15 PDT 2019","Wed Apr 24 18:02:20 PDT 2019","Sat Apr 27 18:02:20 PDT 2019","","","","245","100% (16/16)","100% (16/16)","100% (16/16)","Andrew Yang","Former tech executive; the founder of a non-profit","Wants to establish Universal Basic Income (UBI) which pays $1,000 to all Americans funded by the government. Has drawn a lot of attention regarding topics on technology, robots, and artificial intelligence (AI)","10"
"3R868ACW4SCPT7B8IPSAJY3DUQKGZF","39P6QDR00R4687AHV27OQRXYS2YMDG","Candidate Confidential","Gauging political candidate's political positions","describe, your, task","$0.01","Tue Apr 23 14:26:12 PDT 2019","3","BatchId:235235;OriginalHitTemplateId:921587254;","3600","259200","Tue Apr 30 14:26:12 PDT 2019","","","3RRCEFRB7MCGMDD27CF7DBUNJR2B4I","A2AR3VBIMNRRJJ","Approved","Tue Apr 23 22:11:36 PDT 2019","Tue Apr 23 22:12:11 PDT 2019","Fri Apr 26 22:12:11 PDT 2019","","","","35","100% (20/20)","100% (20/20)","100% (20/20)","Andrew Yang","Former tech executive; the founder of a non-profit","Wants to establish Universal Basic Income (UBI) which pays $1,000 to all Americans funded by the government. Has drawn a lot of attention regarding topics on technology, robots, and artificial intelligence (AI)","10"
"3DTJ4WT8BDFR9TFHCU2MJVI1HA5EZW","39P6QDR00R4687AHV27OQRXYS2YMDG","Candidate Confidential","Gauging political candidate's political positions","describe, your, task","$0.01","Tue Apr 23 14:26:12 PDT 2019","3","BatchId:235235;OriginalHitTemplateId:921587254;","3600","259200","Tue Apr 30 14:26:12 PDT 2019","","","30H4UDGLT2IYUX3IWLX4UPGCMM7MPE","A1HTSCH5NYPS4R","Approved","Wed Apr 24 18:02:20 PDT 2019","Wed Apr 24 18:06:43 PDT 2019","Sat Apr 27 18:06:43 PDT 2019","","","","263","100% (16/16)","100% (16/16)","100% (16/16)","Cory Booker","Senator of New Jersey; former mayor of Newark","Central is his call to action on criminal justice reform. He fights for equal justice for all and passed a bill that would begin to reverse mass incarceration. He also backs a federally-backed savings account for every child born in the US that grows with them as they grow older.","8"
"3DTJ4WT8BDFR9TFHCU2MJVI1HA5EZW","39P6QDR00R4687AHV27OQRXYS2YMDG","Candidate Confidential","Gauging political candidate's political positions","describe, your, task","$0.01","Tue Apr 23 14:26:12 PDT 2019","3","BatchId:235235;OriginalHitTemplateId:921587254;","3600","259200","Tue Apr 30 14:26:12 PDT 2019","","","3P529IW9KYL2X2W3I60KIINJKBPFLX","A2AR3VBIMNRRJJ","Approved","Tue Apr 23 22:15:22 PDT 2019","Tue Apr 23 22:16:07 PDT 2019","Fri Apr 26 22:16:07 PDT 2019","","","","45","100% (20/20)","100% (20/20)","100% (20/20)","Cory Booker","Senator of New Jersey; former mayor of Newark","Central is his call to action on criminal justice reform. He fights for equal justice for all and passed a bill that would begin to reverse mass incarceration. He also backs a federally-backed savings account for every child born in the US that grows with them as they grow older.","10"
"3DTJ4WT8BDFR9TFHCU2MJVI1HA5EZW","39P6QDR00R4687AHV27OQRXYS2YMDG","Candidate Confidential","Gauging political candidate's political positions","describe, your, task","$0.01","Tue Apr 23 14:26:12 PDT 2019","3","BatchId:235235;OriginalHitTemplateId:921587254;","3600","259200","Tue Apr 30 14:26:12 PDT 2019","","","3YHH42UU5BFB0YHDFOHZFB0FE94L03","A1P97PT7OUQHU4","Approved","Wed Apr 24 13:03:05 PDT 2019","Wed Apr 24 13:07:15 PDT 2019","Sat Apr 27 13:07:15 PDT 2019","","","","250","100% (15/15)","100% (15/15)","100% (15/15)","Cory Booker","Senator of New Jersey; former mayor of Newark","Central is his call to action on criminal justice reform. He fights for equal justice for all and passed a bill that would begin to reverse mass incarceration. He also backs a federally-backed savings account for every child born in the US that grows with them as they grow older.","9"
"39N6W9XWRDNPOH13M3QR5RUBOWGGYO","39P6QDR00R4687AHV27OQRXYS2YMDG","Candidate Confidential","Gauging political candidate's political positions","describe, your, task","$0.01","Tue Apr 23 14:26:12 PDT 2019","3","BatchId:235235;OriginalHitTemplateId:921587254;","3600","259200","Tue Apr 30 14:26:12 PDT 2019","","","3HMVI3QICJSV7M9UUMAPNOLLSGDY1A","A1P97PT7OUQHU4","Approved","Wed Apr 24 12:18:49 PDT 2019","Wed Apr 24 12:26:41 PDT 2019","Sat Apr 27 12:26:41 PDT 2019","","","","472","100% (15/15)","100% (15/15)","100% (15/15)","Julián Castro","Former Housing Secretary; former mayor of San Antonio","Emphasized universal prekindergarten, ""Medicare for all,"" and immigration reform. Longtime supporter for LGBTQ rights and fought for federal funding to jumpstart green jobs","10"
"39N6W9XWRDNPOH13M3QR5RUBOWGGYO","39P6QDR00R4687AHV27OQRXYS2YMDG","Candidate Confidential","Gauging political candidate's political positions","describe, your, task","$0.01","Tue Apr 23 14:26:12 PDT 2019","3","BatchId:235235;OriginalHitTemplateId:921587254;","3600","259200","Tue Apr 30 14:26:12 PDT 2019","","","3NGI5ARFTT51Y8HT3ZE6AXS9OBCP19","A1HTSCH5NYPS4R","Approved","Wed Apr 24 17:48:09 PDT 2019","Wed Apr 24 17:53:44 PDT 2019","Sat Apr 27 17:53:44 PDT 2019","","","","335","100% (16/16)","100% (16/16)","100% (16/16)","Julián Castro","Former Housing Secretary; former mayor of San Antonio","Emphasized universal prekindergarten, ""Medicare for all,"" and immigration reform. Longtime supporter for LGBTQ rights and fought for federal funding to jumpstart green jobs","10"
"39N6W9XWRDNPOH13M3QR5RUBOWGGYO","39P6QDR00R4687AHV27OQRXYS2YMDG","Candidate Confidential","Gauging political candidate's political positions","describe, your, task","$0.01","Tue Apr 23 14:26:12 PDT 2019","3","BatchId:235235;OriginalHitTemplateId:921587254;","3600","259200","Tue Apr 30 14:26:12 PDT 2019","","","3YWRV122CSZW1D9AJ6MFZD2GAY58U3","A2AR3VBIMNRRJJ","Approved","Tue Apr 23 22:05:55 PDT 2019","Tue Apr 23 22:06:31 PDT 2019","Fri Apr 26 22:06:31 PDT 2019","","","","36","100% (20/20)","100% (20/20)","100% (20/20)","Julián Castro","Former Housing Secretary; former mayor of San Antonio","Emphasized universal prekindergarten, ""Medicare for all,"" and immigration reform. Longtime supporter for LGBTQ rights and fought for federal funding to jumpstart green jobs","9"
"3T2HW4QDUV7X64DQC52SGJG5HV39CI","39P6QDR00R4687AHV27OQRXYS2YMDG","Candidate Confidential","Gauging political candidate's political positions","describe, your, task","$0.01","Tue Apr 23 14:26:12 PDT 2019","3","BatchId:235235;OriginalHitTemplateId:921587254;","3600","259200","Tue Apr 30 14:26:12 PDT 2019","","","39KFRKBFINVG3EGV0O80ZKYTLRPOYP","A1HTSCH5NYPS4R","Approved","Wed Apr 24 17:42:56 PDT 2019","Wed Apr 24 17:48:09 PDT 2019","Sat Apr 27 17:48:09 PDT 2019","","","","313","100% (16/16)","100% (16/16)","100% (16/16)","John Delaney","Former Congressman from Maryland","He supports a system of universal health care where every American has healthcare as a fundamental right but does not believe in a government-backed ""Medicare for all."" Also believes in compromise on border security including some barriers between Mexico and the US","7"
"3T2HW4QDUV7X64DQC52SGJG5HV39CI","39P6QDR00R4687AHV27OQRXYS2YMDG","Candidate Confidential","Gauging political candidate's political positions","describe, your, task","$0.01","Tue Apr 23 14:26:12 PDT 2019","3","BatchId:235235;OriginalHitTemplateId:921587254;","3600","259200","Tue Apr 30 14:26:12 PDT 2019","","","3HHRAGRYX8512D8NSCGK0352CI3O9Z","A1P97PT7OUQHU4","Approved","Wed Apr 24 12:44:42 PDT 2019","Wed Apr 24 12:48:24 PDT 2019","Sat Apr 27 12:48:24 PDT 2019","","","","222","100% (15/15)","100% (15/15)","100% (15/15)","John Delaney","Former Congressman from Maryland","He supports a system of universal health care where every American has healthcare as a fundamental right but does not believe in a government-backed ""Medicare for all."" Also believes in compromise on border security including some barriers between Mexico and the US","2"
"3T2HW4QDUV7X64DQC52SGJG5HV39CI","39P6QDR00R4687AHV27OQRXYS2YMDG","Candidate Confidential","Gauging political candidate's political positions","describe, your, task","$0.01","Tue Apr 23 14:26:12 PDT 2019","3","BatchId:235235;OriginalHitTemplateId:921587254;","3600","259200","Tue Apr 30 14:26:12 PDT 2019","","","3U4J9857OEBD50VL9ADEGNEXATSB72","A2AR3VBIMNRRJJ","Approved","Tue Apr 23 22:13:13 PDT 2019","Tue Apr 23 22:13:48 PDT 2019","Fri Apr 26 22:13:48 PDT 2019","","","","35","100% (20/20)","100% (20/20)","100% (20/20)","John Delaney","Former Congressman from Maryland","He supports a system of universal health care where every American has healthcare as a fundamental right but does not believe in a government-backed ""Medicare for all."" Also believes in compromise on border security including some barriers between Mexico and the US","7"
"3D4BBDG7ZHWBR2OAVW1IP6DJH3TC34","39P6QDR00R4687AHV27OQRXYS2YMDG","Candidate Confidential","Gauging political candidate's political positions","describe, your, task","$0.01","Tue Apr 23 14:26:12 PDT 2019","3","BatchId:235235;OriginalHitTemplateId:921587254;","3600","259200","Tue Apr 30 14:26:12 PDT 2019","","","3L70J4KAZGMO3ZR3U9G4L44NEMADA2","A2AR3VBIMNRRJJ","Approved","Tue Apr 23 22:07:11 PDT 2019","Tue Apr 23 22:08:20 PDT 2019","Fri Apr 26 22:08:20 PDT 2019","","","","69","100% (20/20)","100% (20/20)","100% (20/20)","Tulsi Gabbard","Congresswoman from Hawaii","Opposed to American miltary intervention overseas. She is an economic progressive but in some ways socially conservative. She reversed her position and now supports same-sex marriage. Health care and climate change are key issues in her campaign.","2"
"3D4BBDG7ZHWBR2OAVW1IP6DJH3TC34","39P6QDR00R4687AHV27OQRXYS2YMDG","Candidate Confidential","Gauging political candidate's political positions","describe, your, task","$0.01","Tue Apr 23 14:26:12 PDT 2019","3","BatchId:235235;OriginalHitTemplateId:921587254;","3600","259200","Tue Apr 30 14:26:12 PDT 2019","","","3VNL7UK1XFJQGF48RF2B49X0EOFFT4","A1P97PT7OUQHU4","Approved","Wed Apr 24 13:07:15 PDT 2019","Wed Apr 24 13:13:15 PDT 2019","Sat Apr 27 13:13:15 PDT 2019","","","","360","100% (15/15)","100% (15/15)","100% (15/15)","Tulsi Gabbard","Congresswoman from Hawaii","Opposed to American miltary intervention overseas. She is an economic progressive but in some ways socially conservative. She reversed her position and now supports same-sex marriage. Health care and climate change are key issues in her campaign.","9"
"3D4BBDG7ZHWBR2OAVW1IP6DJH3TC34","39P6QDR00R4687AHV27OQRXYS2YMDG","Candidate Confidential","Gauging political candidate's political positions","describe, your, task","$0.01","Tue Apr 23 14:26:12 PDT 2019","3","BatchId:235235;OriginalHitTemplateId:921587254;","3600","259200","Tue Apr 30 14:26:12 PDT 2019","","","3ZR9AIQJUB9F2QAS9WIITUY4SN440O","A88OBOUES403R","Approved","Tue Apr 23 20:22:45 PDT 2019","Tue Apr 23 20:25:32 PDT 2019","Fri Apr 26 20:25:32 PDT 2019","2019-04-27 03:26:07 UTC","","","167","100% (1/1)","100% (1/1)","100% (1/1)","Tulsi Gabbard","Congresswoman from Hawaii","Opposed to American miltary intervention overseas. She is an economic progressive but in some ways socially conservative. She reversed her position and now supports same-sex marriage. Health care and climate change are key issues in her campaign.","6"
"386T3MLZLNVDY7Z0VX3ULMJTO0O80Z","39P6QDR00R4687AHV27OQRXYS2YMDG","Candidate Confidential","Gauging political candidate's political positions","describe, your, task","$0.01","Tue Apr 23 14:26:12 PDT 2019","3","BatchId:235235;OriginalHitTemplateId:921587254;","3600","259200","Tue Apr 30 14:26:12 PDT 2019","","","3KXIR214I4GMY0D6OJMWCIRJPLP429","A2AR3VBIMNRRJJ","Approved","Tue Apr 23 22:06:33 PDT 2019","Tue Apr 23 22:07:09 PDT 2019","Fri Apr 26 22:07:09 PDT 2019","","","","36","100% (20/20)","100% (20/20)","100% (20/20)","Kirsten Gillibrand","Senator from New York; Former Congresswoman","Was once a congresswoman in a conservative House district but since has become a leading liberal voice. Women's equality and opportunity is at the center of her agenda. Has been active on gun reform and the rights of the LGBTQ community.","9"
"386T3MLZLNVDY7Z0VX3ULMJTO0O80Z","39P6QDR00R4687AHV27OQRXYS2YMDG","Candidate Confidential","Gauging political candidate's political positions","describe, your, task","$0.01","Tue Apr 23 14:26:12 PDT 2019","3","BatchId:235235;OriginalHitTemplateId:921587254;","3600","259200","Tue Apr 30 14:26:12 PDT 2019","","","3UNH76FOCS5S3BVJN8TN7G9OQR8YMI","A1P97PT7OUQHU4","Approved","Wed Apr 24 12:26:41 PDT 2019","Wed Apr 24 12:29:39 PDT 2019","Sat Apr 27 12:29:39 PDT 2019","","","","178","100% (15/15)","100% (15/15)","100% (15/15)","Kirsten Gillibrand","Senator from New York; Former Congresswoman","Was once a congresswoman in a conservative House district but since has become a leading liberal voice. Women's equality and opportunity is at the center of her agenda. Has been active on gun reform and the rights of the LGBTQ community.","8"
"386T3MLZLNVDY7Z0VX3ULMJTO0O80Z","39P6QDR00R4687AHV27OQRXYS2YMDG","Candidate Confidential","Gauging political candidate's political positions","describe, your, task","$0.01","Tue Apr 23 14:26:12 PDT 2019","3","BatchId:235235;OriginalHitTemplateId:921587254;","3600","259200","Tue Apr 30 14:26:12 PDT 2019","","","3ZSANO2JCF7P1FRT2FXLU41EC52FSG","A1HTSCH5NYPS4R","Approved","Wed Apr 24 17:21:32 PDT 2019","Wed Apr 24 17:24:27 PDT 2019","Sat Apr 27 17:24:27 PDT 2019","","","","175","100% (16/16)","100% (16/16)","100% (16/16)","Kirsten Gillibrand","Senator from New York; Former Congresswoman","Was once a congresswoman in a conservative House district but since has become a leading liberal voice. Women's equality and opportunity is at the center of her agenda. Has been active on gun reform and the rights of the LGBTQ community.","9"
"37SDSEDIN92D5WKIRG7UZR23TSU812","39P6QDR00R4687AHV27OQRXYS2YMDG","Candidate Confidential","Gauging political candidate's political positions","describe, your, task","$0.01","Tue Apr 23 14:26:12 PDT 2019","3","BatchId:235235;OriginalHitTemplateId:921587254;","3600","259200","Tue Apr 30 14:26:12 PDT 2019","","","3OVHNO1VE61P47ZB61W32XVWN7LZDT","A1P97PT7OUQHU4","Approved","Wed Apr 24 13:13:15 PDT 2019","Wed Apr 24 13:16:08 PDT 2019","Sat Apr 27 13:16:08 PDT 2019","","","","173","100% (15/15)","100% (15/15)","100% (15/15)","Kamala Harris","Senator from California; former attorney general of California","Unveiled a middle-class tax cut legislation and champions liberal civil rights agenda in the Senate. Her signature proposal is to provide low-income families with monthly $500 cash payments.","10"
"37SDSEDIN92D5WKIRG7UZR23TSU812","39P6QDR00R4687AHV27OQRXYS2YMDG","Candidate Confidential","Gauging political candidate's political positions","describe, your, task","$0.01","Tue Apr 23 14:26:12 PDT 2019","3","BatchId:235235;OriginalHitTemplateId:921587254;","3600","259200","Tue Apr 30 14:26:12 PDT 2019","","","3W92K5RLWUHDRAF8QYPHJFU8MFEV5E","ALPWT2JWPLXA1","Approved","Wed Apr 24 07:09:29 PDT 2019","Wed Apr 24 07:10:00 PDT 2019","Sat Apr 27 07:10:00 PDT 2019","","","","31","100% (6/6)","100% (6/6)","100% (6/6)","Kamala Harris","Senator from California; former attorney general of California","Unveiled a middle-class tax cut legislation and champions liberal civil rights agenda in the Senate. Her signature proposal is to provide low-income families with monthly $500 cash payments.","8"
"37SDSEDIN92D5WKIRG7UZR23TSU812","39P6QDR00R4687AHV27OQRXYS2YMDG","Candidate Confidential","Gauging political candidate's political positions","describe, your, task","$0.01","Tue Apr 23 14:26:12 PDT 2019","3","BatchId:235235;OriginalHitTemplateId:921587254;","3600","259200","Tue Apr 30 14:26:12 PDT 2019","","","3ZSANO2JCF7P1FRT2FXLU41EC5XFSB","A2AR3VBIMNRRJJ","Approved","Tue Apr 23 22:18:39 PDT 2019","Tue Apr 23 22:19:53 PDT 2019","Fri Apr 26 22:19:53 PDT 2019","","","","74","100% (20/20)","100% (20/20)","100% (20/20)","Kamala Harris","Senator from California; former attorney general of California","Unveiled a middle-class tax cut legislation and champions liberal civil rights agenda in the Senate. Her signature proposal is to provide low-income families with monthly $500 cash payments.","10"
"3INZSNUD80Q7BWJ4C1X30PYN2VF9DI","39P6QDR00R4687AHV27OQRXYS2YMDG","Candidate Confidential","Gauging political candidate's political positions","describe, your, task","$0.01","Tue Apr 23 14:26:12 PDT 2019","3","BatchId:235235;OriginalHitTemplateId:921587254;","3600","259200","Tue Apr 30 14:26:12 PDT 2019","","","37XITHEISW96XO76WO7FWOBFTQRRCT","A1HTSCH5NYPS4R","Approved","Wed Apr 24 17:15:25 PDT 2019","Wed Apr 24 17:21:32 PDT 2019","Sat Apr 27 17:21:32 PDT 2019","","","","367","100% (16/16)","100% (16/16)","100% (16/16)","John Hickenlooper","Former Governor of Colorado","Success in a purple state. Has a record with goals to expand Medicaid, gay rights, and gun control. He wishes to focus on job creation and expand pre-K education. ","8"
"3INZSNUD80Q7BWJ4C1X30PYN2VF9DI","39P6QDR00R4687AHV27OQRXYS2YMDG","Candidate Confidential","Gauging political candidate's political positions","describe, your, task","$0.01","Tue Apr 23 14:26:12 PDT 2019","3","BatchId:235235;OriginalHitTemplateId:921587254;","3600","259200","Tue Apr 30 14:26:12 PDT 2019","","","3PJ71Z61R42G6L1MMAI9O7SUJ7P91T","A2AR3VBIMNRRJJ","Approved","Tue Apr 23 22:10:32 PDT 2019","Tue Apr 23 22:11:13 PDT 2019","Fri Apr 26 22:11:13 PDT 2019","","","","41","100% (20/20)","100% (20/20)","100% (20/20)","John Hickenlooper","Former Governor of Colorado","Success in a purple state. Has a record with goals to expand Medicaid, gay rights, and gun control. He wishes to focus on job creation and expand pre-K education. ","6"
"3INZSNUD80Q7BWJ4C1X30PYN2VF9DI","39P6QDR00R4687AHV27OQRXYS2YMDG","Candidate Confidential","Gauging political candidate's political positions","describe, your, task","$0.01","Tue Apr 23 14:26:12 PDT 2019","3","BatchId:235235;OriginalHitTemplateId:921587254;","3600","259200","Tue Apr 30 14:26:12 PDT 2019","","","3YOH7BII097G9T0BXLTNL4DQJ59KVO","ALPWT2JWPLXA1","Approved","Wed Apr 24 07:10:46 PDT 2019","Wed Apr 24 07:12:33 PDT 2019","Sat Apr 27 07:12:33 PDT 2019","","","","107","100% (6/6)","100% (6/6)","100% (6/6)","John Hickenlooper","Former Governor of Colorado","Success in a purple state. Has a record with goals to expand Medicaid, gay rights, and gun control. He wishes to focus on job creation and expand pre-K education. ","5"
"38DCH97KHH2Q6H0I3ZU0PIJPHFGJQS","39P6QDR00R4687AHV27OQRXYS2YMDG","Candidate Confidential","Gauging political candidate's political positions","describe, your, task","$0.01","Tue Apr 23 14:26:13 PDT 2019","3","BatchId:235235;OriginalHitTemplateId:921587254;","3600","259200","Tue Apr 30 14:26:13 PDT 2019","","","3M1CVSFP605IS8V8ZVMOL3BMX1ZAQ4","A2AR3VBIMNRRJJ","Approved","Tue Apr 23 22:01:37 PDT 2019","Tue Apr 23 22:02:48 PDT 2019","Fri Apr 26 22:02:48 PDT 2019","","","","71","100% (20/20)","100% (20/20)","100% (20/20)","Amy Klobuchar","Senator of Minnesota","In recent years, the Minnesota senator has focused on issues from health care affordability to election security and consumer safety. She has also had to find a delicate balance on trade, where President Donald Trump’s tariffs have had differing effects across Minnesota. ","4"
"38DCH97KHH2Q6H0I3ZU0PIJPHFGJQS","39P6QDR00R4687AHV27OQRXYS2YMDG","Candidate Confidential","Gauging political candidate's political positions","describe, your, task","$0.01","Tue Apr 23 14:26:13 PDT 2019","3","BatchId:235235;OriginalHitTemplateId:921587254;","3600","259200","Tue Apr 30 14:26:13 PDT 2019","","","3TPZPLC3M0CX8BV8Q3SPYQ76MVQP31","A1HTSCH5NYPS4R","Approved","Wed Apr 24 17:53:44 PDT 2019","Wed Apr 24 17:58:15 PDT 2019","Sat Apr 27 17:58:15 PDT 2019","","","","271","100% (16/16)","100% (16/16)","100% (16/16)","Amy Klobuchar","Senator of Minnesota","In recent years, the Minnesota senator has focused on issues from health care affordability to election security and consumer safety. She has also had to find a delicate balance on trade, where President Donald Trump’s tariffs have had differing effects across Minnesota. ","6"
"38DCH97KHH2Q6H0I3ZU0PIJPHFGJQS","39P6QDR00R4687AHV27OQRXYS2YMDG","Candidate Confidential","Gauging political candidate's political positions","describe, your, task","$0.01","Tue Apr 23 14:26:13 PDT 2019","3","BatchId:235235;OriginalHitTemplateId:921587254;","3600","259200","Tue Apr 30 14:26:13 PDT 2019","","","3X0H8UUIT1ORC1DOS47LYSNE78SWSV","A2W264E55JO6V3","Approved","Wed Apr 24 18:03:17 PDT 2019","Wed Apr 24 18:16:12 PDT 2019","Sat Apr 27 18:16:12 PDT 2019","","","","775","100% (1/1)","100% (1/1)","100% (1/1)","Amy Klobuchar","Senator of Minnesota","In recent years, the Minnesota senator has focused on issues from health care affordability to election security and consumer safety. She has also had to find a delicate balance on trade, where President Donald Trump’s tariffs have had differing effects across Minnesota. ","7"
"3TC2K6WK9G2KUH2EAK784AC8LY882J","39P6QDR00R4687AHV27OQRXYS2YMDG","Candidate Confidential","Gauging political candidate's political positions","describe, your, task","$0.01","Tue Apr 23 14:26:13 PDT 2019","3","BatchId:235235;OriginalHitTemplateId:921587254;","3600","259200","Tue Apr 30 14:26:13 PDT 2019","","","35LDD5557A4XJ662JTSWY8UDSCXKM7","ALPWT2JWPLXA1","Approved","Wed Apr 24 07:03:31 PDT 2019","Wed Apr 24 07:06:02 PDT 2019","Sat Apr 27 07:06:02 PDT 2019","","","","151","100% (6/6)","100% (6/6)","100% (6/6)","Seth Moultan","Congressman from Massachussetts","He supports an aggressive response to climate change, but he criticized what he saw as problems with the Green New Deal’s approach. When thinking about arms control, he said it was important to consider not only traditional weapons but also new autonomous weapons powered by artificial intelligence.","7"
"3TC2K6WK9G2KUH2EAK784AC8LY882J","39P6QDR00R4687AHV27OQRXYS2YMDG","Candidate Confidential","Gauging political candidate's political positions","describe, your, task","$0.01","Tue Apr 23 14:26:13 PDT 2019","3","BatchId:235235;OriginalHitTemplateId:921587254;","3600","259200","Tue Apr 30 14:26:13 PDT 2019","","","3BC8WZX3V3WA3QWPELXALJA1TRURRZ","A1HTSCH5NYPS4R","Approved","Wed Apr 24 18:06:44 PDT 2019","Wed Apr 24 18:10:00 PDT 2019","Sat Apr 27 18:10:00 PDT 2019","","","","196","100% (16/16)","100% (16/16)","100% (16/16)","Seth Moultan","Congressman from Massachussetts","He supports an aggressive response to climate change, but he criticized what he saw as problems with the Green New Deal’s approach. When thinking about arms control, he said it was important to consider not only traditional weapons but also new autonomous weapons powered by artificial intelligence.","7"
"3TC2K6WK9G2KUH2EAK784AC8LY882J","39P6QDR00R4687AHV27OQRXYS2YMDG","Candidate Confidential","Gauging political candidate's political positions","describe, your, task","$0.01","Tue Apr 23 14:26:13 PDT 2019","3","BatchId:235235;OriginalHitTemplateId:921587254;","3600","259200","Tue Apr 30 14:26:13 PDT 2019","","","3L6L49WXW0XEXXWT62OUAPUV9VG45A","A2AR3VBIMNRRJJ","Approved","Tue Apr 23 22:08:41 PDT 2019","Tue Apr 23 22:09:43 PDT 2019","Fri Apr 26 22:09:43 PDT 2019","","","","62","100% (20/20)","100% (20/20)","100% (20/20)","Seth Moultan","Congressman from Massachussetts","He supports an aggressive response to climate change, but he criticized what he saw as problems with the Green New Deal’s approach. When thinking about arms control, he said it was important to consider not only traditional weapons but also new autonomous weapons powered by artificial intelligence.","8"
"335VBRURDJ0C32X48W8N67G827G9EB","39P6QDR00R4687AHV27OQRXYS2YMDG","Candidate Confidential","Gauging political candidate's political positions","describe, your, task","$0.01","Tue Apr 23 14:26:13 PDT 2019","3","BatchId:235235;OriginalHitTemplateId:921587254;","3600","259200","Tue Apr 30 14:26:13 PDT 2019","","","3C8HJ7UOP7US815OJUV6LNIQWLEMZZ","A1HTSCH5NYPS4R","Approved","Wed Apr 24 18:13:05 PDT 2019","Wed Apr 24 18:15:41 PDT 2019","Sat Apr 27 18:15:41 PDT 2019","","","","156","100% (16/16)","100% (16/16)","100% (16/16)","Bete O'Rourke","Former Congressman from Texas","He wants to increase federal aid to public schools in low-income areas and believes teachers should have more autonomy in schools and be paid more. He also strongly supports the federal legalization of cannibis.","5"
"335VBRURDJ0C32X48W8N67G827G9EB","39P6QDR00R4687AHV27OQRXYS2YMDG","Candidate Confidential","Gauging political candidate's political positions","describe, your, task","$0.01","Tue Apr 23 14:26:13 PDT 2019","3","BatchId:235235;OriginalHitTemplateId:921587254;","3600","259200","Tue Apr 30 14:26:13 PDT 2019","","","3LWJHTCVCCMDOZCGAB8GZ4MDUHHQF2","A2N74CHUQ5T60G","Approved","Wed Apr 24 19:30:14 PDT 2019","Wed Apr 24 19:35:59 PDT 2019","Sat Apr 27 19:35:59 PDT 2019","","","","345","100% (1/1)","100% (1/1)","100% (1/1)","Bete O'Rourke","Former Congressman from Texas","He wants to increase federal aid to public schools in low-income areas and believes teachers should have more autonomy in schools and be paid more. He also strongly supports the federal legalization of cannibis.","7"
"335VBRURDJ0C32X48W8N67G827G9EB","39P6QDR00R4687AHV27OQRXYS2YMDG","Candidate Confidential","Gauging political candidate's political positions","describe, your, task","$0.01","Tue Apr 23 14:26:13 PDT 2019","3","BatchId:235235;OriginalHitTemplateId:921587254;","3600","259200","Tue Apr 30 14:26:13 PDT 2019","","","3OHYZ19UGC5F7WISKIUKWYGMI0HAOW","A2AR3VBIMNRRJJ","Approved","Tue Apr 23 22:00:26 PDT 2019","Tue Apr 23 22:01:33 PDT 2019","Fri Apr 26 22:01:33 PDT 2019","","","","67","100% (20/20)","100% (20/20)","100% (20/20)","Bete O'Rourke","Former Congressman from Texas","He wants to increase federal aid to public schools in low-income areas and believes teachers should have more autonomy in schools and be paid more. He also strongly supports the federal legalization of cannibis.","9"
"3MD8CKRQZZNQIIFIGEJ0U8TUD1IJRT","39P6QDR00R4687AHV27OQRXYS2YMDG","Candidate Confidential","Gauging political candidate's political positions","describe, your, task","$0.01","Tue Apr 23 14:26:13 PDT 2019","3","BatchId:235235;OriginalHitTemplateId:921587254;","3600","259200","Tue Apr 30 14:26:13 PDT 2019","","","33M4IA01QG1U0MI1NK32A1WPU8FRXV","A1HTSCH5NYPS4R","Approved","Wed Apr 24 18:15:42 PDT 2019","Wed Apr 24 18:17:29 PDT 2019","Sat Apr 27 18:17:29 PDT 2019","","","","107","100% (16/16)","100% (16/16)","100% (16/16)","Tim Ryan","Congressman from Ohio","He is a huge supporter of reform of the US criminal justice system. He is regarded as a centrist in a field that so far emphasized an emerging agenda of progressive goals, including a “green New Deal” and Medicare-for-all.","6"
"3MD8CKRQZZNQIIFIGEJ0U8TUD1IJRT","39P6QDR00R4687AHV27OQRXYS2YMDG","Candidate Confidential","Gauging political candidate's political positions","describe, your, task","$0.01","Tue Apr 23 14:26:13 PDT 2019","3","BatchId:235235;OriginalHitTemplateId:921587254;","3600","259200","Tue Apr 30 14:26:13 PDT 2019","","","3H8DHMCCW9BUFC0P60TTFI7JJY4DKH","A2AR3VBIMNRRJJ","Approved","Tue Apr 23 22:13:53 PDT 2019","Tue Apr 23 22:14:26 PDT 2019","Fri Apr 26 22:14:26 PDT 2019","","","","33","100% (20/20)","100% (20/20)","100% (20/20)","Tim Ryan","Congressman from Ohio","He is a huge supporter of reform of the US criminal justice system. He is regarded as a centrist in a field that so far emphasized an emerging agenda of progressive goals, including a “green New Deal” and Medicare-for-all.","9"
"3MD8CKRQZZNQIIFIGEJ0U8TUD1IJRT","39P6QDR00R4687AHV27OQRXYS2YMDG","Candidate Confidential","Gauging political candidate's political positions","describe, your, task","$0.01","Tue Apr 23 14:26:13 PDT 2019","3","BatchId:235235;OriginalHitTemplateId:921587254;","3600","259200","Tue Apr 30 14:26:13 PDT 2019","","","3Z7ISHFUH0VDNC3KPTLNG5HVCGNZ8M","A1P97PT7OUQHU4","Approved","Wed Apr 24 12:36:16 PDT 2019","Wed Apr 24 12:44:42 PDT 2019","Sat Apr 27 12:44:42 PDT 2019","","","","506","100% (15/15)","100% (15/15)","100% (15/15)","Tim Ryan","Congressman from Ohio","He is a huge supporter of reform of the US criminal justice system. He is regarded as a centrist in a field that so far emphasized an emerging agenda of progressive goals, including a “green New Deal” and Medicare-for-all.","5"
"3EHVO81VN5L6Y7LBUK10C4V2WBKH1Q","39P6QDR00R4687AHV27OQRXYS2YMDG","Candidate Confidential","Gauging political candidate's political positions","describe, your, task","$0.01","Tue Apr 23 14:26:13 PDT 2019","3","BatchId:235235;OriginalHitTemplateId:921587254;","3600","259200","Tue Apr 30 14:26:13 PDT 2019","","","336KAV9KYQS2W7RQDQA3S7VQKMS2YW","A1P97PT7OUQHU4","Approved","Wed Apr 24 12:15:40 PDT 2019","Wed Apr 24 12:18:49 PDT 2019","Sat Apr 27 12:18:49 PDT 2019","","","","189","100% (15/15)","100% (15/15)","100% (15/15)","Bernie Sanders","Senator of Vermont","The main three things that Bernie Sanders wants are college for all, healthcare for all, and jobs for all. He wants to fight for working families and believes in fighting climate change, as well","7"
"3EHVO81VN5L6Y7LBUK10C4V2WBKH1Q","39P6QDR00R4687AHV27OQRXYS2YMDG","Candidate Confidential","Gauging political candidate's political positions","describe, your, task","$0.01","Tue Apr 23 14:26:13 PDT 2019","3","BatchId:235235;OriginalHitTemplateId:921587254;","3600","259200","Tue Apr 30 14:26:13 PDT 2019","","","3FE2ERCCZX8MU0OU91CHMT5HHMMOPV","A1HTSCH5NYPS4R","Approved","Wed Apr 24 17:24:27 PDT 2019","Wed Apr 24 17:30:30 PDT 2019","Sat Apr 27 17:30:30 PDT 2019","","","","363","100% (16/16)","100% (16/16)","100% (16/16)","Bernie Sanders","Senator of Vermont","The main three things that Bernie Sanders wants are college for all, healthcare for all, and jobs for all. He wants to fight for working families and believes in fighting climate change, as well","10"
"3EHVO81VN5L6Y7LBUK10C4V2WBKH1Q","39P6QDR00R4687AHV27OQRXYS2YMDG","Candidate Confidential","Gauging political candidate's political positions","describe, your, task","$0.01","Tue Apr 23 14:26:13 PDT 2019","3","BatchId:235235;OriginalHitTemplateId:921587254;","3600","259200","Tue Apr 30 14:26:13 PDT 2019","","","3QXNC7EIPIVGZWG4QRE9A29KEFJ90Q","A2AR3VBIMNRRJJ","Approved","Tue Apr 23 22:09:47 PDT 2019","Tue Apr 23 22:10:25 PDT 2019","Fri Apr 26 22:10:25 PDT 2019","","","","38","100% (20/20)","100% (20/20)","100% (20/20)","Bernie Sanders","Senator of Vermont","The main three things that Bernie Sanders wants are college for all, healthcare for all, and jobs for all. He wants to fight for working families and believes in fighting climate change, as well","10"
"3087LXLJ6MGMDM9N3B90VE0FB41F0N","39P6QDR00R4687AHV27OQRXYS2YMDG","Candidate Confidential","Gauging political candidate's political positions","describe, your, task","$0.01","Tue Apr 23 14:26:13 PDT 2019","3","BatchId:235235;OriginalHitTemplateId:921587254;","3600","259200","Tue Apr 30 14:26:13 PDT 2019","","","36H9ULYP62UW2C83FLO723ARGMKFJV","A2AR3VBIMNRRJJ","Approved","Tue Apr 23 22:14:33 PDT 2019","Tue Apr 23 22:15:19 PDT 2019","Fri Apr 26 22:15:19 PDT 2019","","","","46","100% (20/20)","100% (20/20)","100% (20/20)","Eric Swalwell","Congressman from California","He has a strong focus on immigration in his campaign, pushing for a more reformed system with his recent support of the Dream Act which allows young, undocumented immigrants to stay in America if they grew up there. Other major issues for Swalwell are a “health-care guarantee,” more federal spending in medical innovation and gun violence prevention.","10"
"3087LXLJ6MGMDM9N3B90VE0FB41F0N","39P6QDR00R4687AHV27OQRXYS2YMDG","Candidate Confidential","Gauging political candidate's political positions","describe, your, task","$0.01","Tue Apr 23 14:26:13 PDT 2019","3","BatchId:235235;OriginalHitTemplateId:921587254;","3600","259200","Tue Apr 30 14:26:13 PDT 2019","","","38YMOXR4MUZMP3FRLR4IXNRMPJU6WI","A1P97PT7OUQHU4","Approved","Wed Apr 24 12:30:09 PDT 2019","Wed Apr 24 12:32:44 PDT 2019","Sat Apr 27 12:32:44 PDT 2019","","","","155","100% (15/15)","100% (15/15)","100% (15/15)","Eric Swalwell","Congressman from California","He has a strong focus on immigration in his campaign, pushing for a more reformed system with his recent support of the Dream Act which allows young, undocumented immigrants to stay in America if they grew up there. Other major issues for Swalwell are a “health-care guarantee,” more federal spending in medical innovation and gun violence prevention.","10"
"3087LXLJ6MGMDM9N3B90VE0FB41F0N","39P6QDR00R4687AHV27OQRXYS2YMDG","Candidate Confidential","Gauging political candidate's political positions","describe, your, task","$0.01","Tue Apr 23 14:26:13 PDT 2019","3","BatchId:235235;OriginalHitTemplateId:921587254;","3600","259200","Tue Apr 30 14:26:13 PDT 2019","","","3VJ40NV2QINKMSH1QIL1R36E6P7OT0","A1HTSCH5NYPS4R","Approved","Wed Apr 24 17:30:31 PDT 2019","Wed Apr 24 17:33:25 PDT 2019","Sat Apr 27 17:33:25 PDT 2019","","","","174","100% (16/16)","100% (16/16)","100% (16/16)","Eric Swalwell","Congressman from California","He has a strong focus on immigration in his campaign, pushing for a more reformed system with his recent support of the Dream Act which allows young, undocumented immigrants to stay in America if they grew up there. Other major issues for Swalwell are a “health-care guarantee,” more federal spending in medical innovation and gun violence prevention.","5"
"32W3UF2EZOLW9Y7EVA61ZB5PV3PC4P","39P6QDR00R4687AHV27OQRXYS2YMDG","Candidate Confidential","Gauging political candidate's political positions","describe, your, task","$0.01","Tue Apr 23 14:26:13 PDT 2019","3","BatchId:235235;OriginalHitTemplateId:921587254;","3600","259200","Tue Apr 30 14:26:13 PDT 2019","","","3GGAI1SQEVYF08UERGBYAPH5N3SMC0","A1HTSCH5NYPS4R","Approved","Wed Apr 24 17:13:56 PDT 2019","Wed Apr 24 17:15:24 PDT 2019","Sat Apr 27 17:15:24 PDT 2019","","","","88","100% (16/16)","100% (16/16)","100% (16/16)","Jay Inslee","Governor of Washington","One of his main focuses is on reversing climate change by lowering carbon emissions and having 100 percent clean energy. He also is an advocate for free trade as well as increasing minimum wage.","1"
"32W3UF2EZOLW9Y7EVA61ZB5PV3PC4P","39P6QDR00R4687AHV27OQRXYS2YMDG","Candidate Confidential","Gauging political candidate's political positions","describe, your, task","$0.01","Tue Apr 23 14:26:13 PDT 2019","3","BatchId:235235;OriginalHitTemplateId:921587254;","3600","259200","Tue Apr 30 14:26:13 PDT 2019","","","3LOTDFNYA7ZI8W82MK7MRT4ZIIWWFA","A1P97PT7OUQHU4","Approved","Wed Apr 24 12:12:58 PDT 2019","Wed Apr 24 12:15:40 PDT 2019","Sat Apr 27 12:15:40 PDT 2019","","","","162","100% (15/15)","100% (15/15)","100% (15/15)","Jay Inslee","Governor of Washington","One of his main focuses is on reversing climate change by lowering carbon emissions and having 100 percent clean energy. He also is an advocate for free trade as well as increasing minimum wage.","6"
"32W3UF2EZOLW9Y7EVA61ZB5PV3PC4P","39P6QDR00R4687AHV27OQRXYS2YMDG","Candidate Confidential","Gauging political candidate's political positions","describe, your, task","$0.01","Tue Apr 23 14:26:13 PDT 2019","3","BatchId:235235;OriginalHitTemplateId:921587254;","3600","259200","Tue Apr 30 14:26:13 PDT 2019","","","3ZR9AIQJUB9F2QAS9WIITUY4SN540P","A2AR3VBIMNRRJJ","Approved","Tue Apr 23 22:04:11 PDT 2019","Tue Apr 23 22:05:11 PDT 2019","Fri Apr 26 22:05:11 PDT 2019","","","","60","100% (20/20)","100% (20/20)","100% (20/20)","Jay Inslee","Governor of Washington","One of his main focuses is on reversing climate change by lowering carbon emissions and having 100 percent clean energy. He also is an advocate for free trade as well as increasing minimum wage.","10"
"301KG0KX9CLDNS37DO1EHN57OHYH27","39P6QDR00R4687AHV27OQRXYS2YMDG","Candidate Confidential","Gauging political candidate's political positions","describe, your, task","$0.01","Tue Apr 23 14:26:13 PDT 2019","3","BatchId:235235;OriginalHitTemplateId:921587254;","3600","259200","Tue Apr 30 14:26:13 PDT 2019","","","37FMASSAYCRAUKCHS1HB7C46O93IB4","A2AR3VBIMNRRJJ","Approved","Tue Apr 23 22:16:11 PDT 2019","Tue Apr 23 22:17:49 PDT 2019","Fri Apr 26 22:17:49 PDT 2019","","","","98","100% (20/20)","100% (20/20)","100% (20/20)","Wayne Messam","Mayor of Miramar, Florida","Some of the stands he has made are challenging a National Rifle Association-backed law in an attempt to make a new city amphitheater a gun-free zone, touted his city as a safe zone for undocumented immigrants, fighting oil drilling in the Everglades, criticizing Trump for withdrawing from the Paris Accord to combat climate change.","8"
"301KG0KX9CLDNS37DO1EHN57OHYH27","39P6QDR00R4687AHV27OQRXYS2YMDG","Candidate Confidential","Gauging political candidate's political positions","describe, your, task","$0.01","Tue Apr 23 14:26:13 PDT 2019","3","BatchId:235235;OriginalHitTemplateId:921587254;","3600","259200","Tue Apr 30 14:26:13 PDT 2019","","","3FFJ6VRIL1O9AX97ULKMNV8NX5AI0M","A1P97PT7OUQHU4","Approved","Wed Apr 24 12:55:40 PDT 2019","Wed Apr 24 13:03:05 PDT 2019","Sat Apr 27 13:03:05 PDT 2019","","","","445","100% (15/15)","100% (15/15)","100% (15/15)","Wayne Messam","Mayor of Miramar, Florida","Some of the stands he has made are challenging a National Rifle Association-backed law in an attempt to make a new city amphitheater a gun-free zone, touted his city as a safe zone for undocumented immigrants, fighting oil drilling in the Everglades, criticizing Trump for withdrawing from the Paris Accord to combat climate change.","7"
"301KG0KX9CLDNS37DO1EHN57OHYH27","39P6QDR00R4687AHV27OQRXYS2YMDG","Candidate Confidential","Gauging political candidate's political positions","describe, your, task","$0.01","Tue Apr 23 14:26:13 PDT 2019","3","BatchId:235235;OriginalHitTemplateId:921587254;","3600","259200","Tue Apr 30 14:26:13 PDT 2019","","","3QILPRALQ5VJ6NP1M5ATLIAM22DN8R","ALPWT2JWPLXA1","Approved","Wed Apr 24 07:06:09 PDT 2019","Wed Apr 24 07:09:20 PDT 2019","Sat Apr 27 07:09:20 PDT 2019","","","","191","100% (6/6)","100% (6/6)","100% (6/6)","Wayne Messam","Mayor of Miramar, Florida","Some of the stands he has made are challenging a National Rifle Association-backed law in an attempt to make a new city amphitheater a gun-free zone, touted his city as a safe zone for undocumented immigrants, fighting oil drilling in the Everglades, criticizing Trump for withdrawing from the Paris Accord to combat climate change.","8"
"3L1EFR8WWT549GX037STOP18E8V9FT","39P6QDR00R4687AHV27OQRXYS2YMDG","Candidate Confidential","Gauging political candidate's political positions","describe, your, task","$0.01","Tue Apr 23 14:26:13 PDT 2019","3","BatchId:235235;OriginalHitTemplateId:921587254;","3600","259200","Tue Apr 30 14:26:13 PDT 2019","","","32EYX73OY092JIO6IFSFQUXL0QYRU3","A1HTSCH5NYPS4R","Approved","Wed Apr 24 18:10:00 PDT 2019","Wed Apr 24 18:13:05 PDT 2019","Sat Apr 27 18:13:05 PDT 2019","","","","185","100% (16/16)","100% (16/16)","100% (16/16)","Marianne Williamson","Author and Activist","She is a strong advocate for universal healthcare and is a fierce social justice advocate as well. She has been very vocal about her political views, from believing in reparations for Black Americans, comparable to the German government offering billions of dollars in compensation to Jewish victims of the Holocaust, to her ideas about how to solve the Israeli-Palestinian conflict.","8"
"3L1EFR8WWT549GX037STOP18E8V9FT","39P6QDR00R4687AHV27OQRXYS2YMDG","Candidate Confidential","Gauging political candidate's political positions","describe, your, task","$0.01","Tue Apr 23 14:26:13 PDT 2019","3","BatchId:235235;OriginalHitTemplateId:921587254;","3600","259200","Tue Apr 30 14:26:13 PDT 2019","","","392CY0QWG1RQ9LR8DM7OZYY0EHQ4IO","A1P97PT7OUQHU4","Approved","Wed Apr 24 12:32:44 PDT 2019","Wed Apr 24 12:36:16 PDT 2019","Sat Apr 27 12:36:16 PDT 2019","","","","212","100% (15/15)","100% (15/15)","100% (15/15)","Marianne Williamson","Author and Activist","She is a strong advocate for universal healthcare and is a fierce social justice advocate as well. She has been very vocal about her political views, from believing in reparations for Black Americans, comparable to the German government offering billions of dollars in compensation to Jewish victims of the Holocaust, to her ideas about how to solve the Israeli-Palestinian conflict.","9"
"3L1EFR8WWT549GX037STOP18E8V9FT","39P6QDR00R4687AHV27OQRXYS2YMDG","Candidate Confidential","Gauging political candidate's political positions","describe, your, task","$0.01","Tue Apr 23 14:26:13 PDT 2019","3","BatchId:235235;OriginalHitTemplateId:921587254;","3600","259200","Tue Apr 30 14:26:13 PDT 2019","","","3VELCLL3GKJP7VSZPWI1Y3E5M5K1FD","A2AR3VBIMNRRJJ","Approved","Tue Apr 23 22:05:14 PDT 2019","Tue Apr 23 22:05:53 PDT 2019","Fri Apr 26 22:05:53 PDT 2019","","","","39","100% (20/20)","100% (20/20)","100% (20/20)","Marianne Williamson","Author and Activist","She is a strong advocate for universal healthcare and is a fierce social justice advocate as well. She has been very vocal about her political views, from believing in reparations for Black Americans, comparable to the German government offering billions of dollars in compensation to Jewish victims of the Holocaust, to her ideas about how to solve the Israeli-Palestinian conflict.","10"
"3UOMW19E6D6E5HBE9FPB43B3VZKC5U","39P6QDR00R4687AHV27OQRXYS2YMDG","Candidate Confidential","Gauging political candidate's political positions","describe, your, task","$0.01","Tue Apr 23 14:26:13 PDT 2019","3","BatchId:235235;OriginalHitTemplateId:921587254;","3600","259200","Tue Apr 30 14:26:13 PDT 2019","","","3IXEICO792JUXMBXQMZ7A3KNLPCT6F","A1P97PT7OUQHU4","Approved","Wed Apr 24 13:19:37 PDT 2019","Wed Apr 24 13:19:47 PDT 2019","Sat Apr 27 13:19:47 PDT 2019","","","","10","100% (15/15)","100% (15/15)","100% (15/15)","Pete Buttigieg","Mayor of South Bend, Indiana","He believes that climate change is a national security threat and strongly supports the Paris climate accord. He supports labor and thinks NAFTA resulted in significant jobs losses. He also is an advocate for gun control and advocates for universal background checks.","7"
"3UOMW19E6D6E5HBE9FPB43B3VZKC5U","39P6QDR00R4687AHV27OQRXYS2YMDG","Candidate Confidential","Gauging political candidate's political positions","describe, your, task","$0.01","Tue Apr 23 14:26:13 PDT 2019","3","BatchId:235235;OriginalHitTemplateId:921587254;","3600","259200","Tue Apr 30 14:26:13 PDT 2019","","","3RGU30DZTA828M0K18SKXTU0DN1MJE","A1HTSCH5NYPS4R","Approved","Wed Apr 24 17:37:52 PDT 2019","Wed Apr 24 17:42:56 PDT 2019","Sat Apr 27 17:42:56 PDT 2019","","","","304","100% (16/16)","100% (16/16)","100% (16/16)","Pete Buttigieg","Mayor of South Bend, Indiana","He believes that climate change is a national security threat and strongly supports the Paris climate accord. He supports labor and thinks NAFTA resulted in significant jobs losses. He also is an advocate for gun control and advocates for universal background checks.","8"
"3UOMW19E6D6E5HBE9FPB43B3VZKC5U","39P6QDR00R4687AHV27OQRXYS2YMDG","Candidate Confidential","Gauging political candidate's political positions","describe, your, task","$0.01","Tue Apr 23 14:26:13 PDT 2019","3","BatchId:235235;OriginalHitTemplateId:921587254;","3600","259200","Tue Apr 30 14:26:13 PDT 2019","","","3Y9N9SS8LYBOJESILU1UYWQH8CID36","A2AR3VBIMNRRJJ","Approved","Tue Apr 23 22:02:52 PDT 2019","Tue Apr 23 22:03:56 PDT 2019","Fri Apr 26 22:03:56 PDT 2019","","","","64","100% (20/20)","100% (20/20)","100% (20/20)","Pete Buttigieg","Mayor of South Bend, Indiana","He believes that climate change is a national security threat and strongly supports the Paris climate accord. He supports labor and thinks NAFTA resulted in significant jobs losses. He also is an advocate for gun control and advocates for universal background checks.","9"